City_ID,City,Country,Date,Lat,Lng,Max Temp,Humidity,Cloudiness,Wind Speed
0,Busselton,AU,2021-10-25 20:55:58,-33.65,115.3333,40.05,76,100,2.08
1,Kirakira,SB,2021-10-25 20:55:58,-10.4544,161.9205,82.51,77,28,8.39
2,Feltre,IT,2021-10-25 20:55:58,46.0235,11.907,53.67,77,100,1.79
3,Hasaki,JP,2021-10-25 20:55:59,35.7333,140.8333,59.4,90,100,30.22
4,Hobart,AU,2021-10-25 20:56:00,-42.8794,147.3294,50.25,71,75,9.22
5,Ivaipora,BR,2021-10-25 20:56:00,-24.2478,-51.6847,69.75,79,44,0.92
6,Rikitea,PF,2021-10-25 20:56:00,-23.1203,-134.9692,75.07,72,96,21.18
7,Laguna,US,2021-10-25 20:56:01,38.421,-121.4238,67.1,57,40,4.0
8,Ushuaia,AR,2021-10-25 20:56:02,-54.8,-68.3,37.02,80,75,26.46
9,Saint-Philippe,RE,2021-10-25 20:56:03,-21.3585,55.7679,72.95,81,42,12.77
10,Bandarbeyla,SO,2021-10-25 20:51:53,9.4942,50.8122,77.18,78,27,2.62
11,Tuatapere,NZ,2021-10-25 20:53:58,-46.1333,167.6833,56.57,94,81,1.92
12,Mount Gambier,AU,2021-10-25 20:52:16,-37.8333,140.7667,37.31,93,9,5.75
13,Tasiilaq,GL,2021-10-25 20:56:04,65.6145,-37.6368,30.31,85,100,14.16
14,Tuktoyaktuk,CA,2021-10-25 20:56:04,69.4541,-133.0374,30.2,100,90,4.61
15,Henties Bay,NA,2021-10-25 20:56:05,-22.116,14.2845,59.86,90,0,0.18
16,Punta Arenas,CL,2021-10-25 20:56:05,-53.15,-70.9167,44.62,65,75,24.16
17,Sinnamary,GF,2021-10-25 20:56:06,5.3833,-52.95,78.13,88,100,11.12
18,Port Elizabeth,ZA,2021-10-25 20:56:06,-33.918,25.5701,64.09,82,40,12.66
19,Ugoofaaru,MV,2021-10-25 20:56:06,5.6667,73.0,81.54,77,87,10.02
20,Phan Thiet,VN,2021-10-25 20:56:07,10.9333,108.1,75.78,93,100,3.65
21,Seoul,KR,2021-10-25 20:56:07,37.5683,126.9778,47.64,93,86,2.3
22,Arraial Do Cabo,BR,2021-10-25 20:56:08,-22.9661,-42.0278,71.56,78,75,11.5
23,Yulara,AU,2021-10-25 20:52:39,-25.2406,130.9889,69.64,35,2,4.61
24,Butaritari,KI,2021-10-25 20:56:08,3.0707,172.7902,81.52,76,5,7.76
25,Lima,PE,2021-10-25 20:51:26,-12.0432,-77.0282,62.85,68,75,8.05
26,Palmer,US,2021-10-25 20:56:09,42.1584,-72.3287,55.65,82,100,1.99
27,Saint George,US,2021-10-25 20:56:09,37.1041,-113.5841,84.67,24,100,8.99
28,New Norfolk,AU,2021-10-25 20:56:10,-42.7826,147.0587,49.91,65,19,1.01
29,Yaan,NG,2021-10-25 20:56:10,7.3833,8.5667,78.17,84,100,6.6
30,Albany,US,2021-10-25 20:56:11,42.6001,-73.9662,61.16,89,100,3.74
31,Ilulissat,GL,2021-10-25 20:56:11,69.2167,-51.1,0.32,77,0,4.34
32,Mazamari,PE,2021-10-25 20:56:11,-11.3258,-74.5308,71.69,87,100,1.34
33,Saint-Augustin,CA,2021-10-25 20:52:18,51.226,-58.6502,40.89,58,63,8.08
34,Alugan,PH,2021-10-25 20:56:12,12.2188,125.4808,79.52,84,99,9.31
35,Lagoa,PT,2021-10-25 20:56:12,39.05,-27.9833,67.59,72,3,12.66
36,Margate,GB,2021-10-25 20:51:41,51.3813,1.3862,53.31,89,94,1.01
37,Whitefish,US,2021-10-25 20:55:29,48.4111,-114.3376,48.88,82,100,6.55
38,Puerto El Triunfo,SV,2021-10-25 20:56:13,13.2833,-88.55,84.42,74,47,5.32
39,Ibra,OM,2021-10-25 20:56:14,22.6906,58.5334,76.87,56,0,3.4
40,Chokurdakh,RU,2021-10-25 20:56:14,70.6333,147.9167,-23.17,100,97,1.54
41,Gambela,ET,2021-10-25 20:56:14,8.25,34.5833,73.74,79,67,5.06
42,Thompson,CA,2021-10-25 20:51:23,55.7435,-97.8558,41.16,60,75,10.36
43,Viedma,AR,2021-10-25 20:56:15,-40.8135,-62.9967,72.9,19,65,11.03
44,Olafsvik,IS,2021-10-25 20:56:16,64.8945,-23.7142,35.01,68,76,7.05
45,Portage,US,2021-10-25 20:52:25,41.1667,-81.1998,65.46,62,90,0.0
46,Bredasdorp,ZA,2021-10-25 20:53:08,-34.5322,20.0403,60.28,88,10,6.91
47,Victoria,HK,2021-10-25 20:56:17,22.2855,114.1577,75.33,77,100,1.99
48,Gat,IL,2021-10-25 20:52:25,31.61,34.7642,68.81,78,0,3.6
49,Qaanaaq,GL,2021-10-25 20:56:17,77.484,-69.3632,0.09,58,37,13.6
50,Cabo San Lucas,MX,2021-10-25 20:54:03,22.8909,-109.9124,91.51,65,0,10.65
51,Beyla,GN,2021-10-25 20:55:10,8.6833,-8.6333,70.0,96,100,3.85
52,Athmallik,IN,2021-10-25 20:56:18,20.7219,84.5348,68.31,83,1,0.89
53,Nanortalik,GL,2021-10-25 20:56:19,60.1432,-45.2371,33.44,63,33,6.6
54,Abu Samrah,SY,2021-10-25 20:56:19,35.3029,37.1841,64.96,57,78,3.29
55,Port Alfred,ZA,2021-10-25 20:56:20,-33.5906,26.891,62.89,83,12,17.67
56,Mayo,US,2021-10-25 20:56:20,38.8876,-76.5119,78.39,80,47,3.0
57,Kisangani,CD,2021-10-25 20:56:20,0.5167,25.2,71.94,97,100,2.13
58,Bambous Virieux,MU,2021-10-25 20:56:21,-20.3428,57.7575,73.65,78,40,11.5
59,Westport,US,2021-10-25 20:56:21,41.1415,-73.3579,73.06,88,99,1.99
60,Ormara,PK,2021-10-25 20:56:22,25.2088,64.6357,77.47,51,0,7.23
61,Rock Sound,BS,2021-10-25 20:56:23,24.9,-76.2,82.6,75,96,12.75
62,Saint-Pierre,RE,2021-10-25 20:56:23,-21.3393,55.4781,73.04,77,20,3.44
63,Dwarka,IN,2021-10-25 20:56:24,22.2394,68.9678,78.21,48,0,7.31
64,Robertsport,LR,2021-10-25 20:56:24,6.7533,-11.3686,80.51,78,100,7.11
65,Kendari,ID,2021-10-25 20:56:24,-3.945,122.4989,75.76,92,95,2.06
66,Kinablangan,PH,2021-10-25 20:56:25,7.6947,126.5503,78.04,88,98,5.5
67,Port Moresby,PG,2021-10-25 20:56:25,-9.4431,147.1797,74.62,100,40,3.44
68,Klaksvik,FO,2021-10-25 20:56:26,62.2266,-6.589,43.72,81,100,14.54
69,Yangambi,CD,2021-10-25 20:56:26,0.8102,24.4336,72.12,84,100,1.45
70,Jamestown,US,2021-10-25 20:52:29,42.097,-79.2353,65.52,78,90,1.99
71,Imbituba,BR,2021-10-25 20:56:27,-28.24,-48.6703,73.29,74,0,14.27
72,Egvekinot,RU,2021-10-25 20:56:27,66.3167,-179.1667,0.5,87,15,6.76
73,Vao,NC,2021-10-25 20:56:28,-22.6667,167.4833,71.44,71,48,10.94
74,Dingle,PH,2021-10-25 20:56:28,10.9995,122.6711,75.04,93,93,5.21
75,Georgetown,MY,2021-10-25 20:51:42,5.4112,100.3354,80.89,88,20,5.01
76,Nikolskoye,RU,2021-10-25 20:51:33,59.7035,30.7861,46.87,83,99,9.69
77,Chuy,UY,2021-10-25 20:56:29,-33.6971,-53.4616,74.21,60,0,8.72
78,Bonfim,BR,2021-10-25 20:54:35,3.0833,-59.95,83.55,73,100,8.48
79,Mahibadhoo,MV,2021-10-25 20:56:29,3.7833,72.9667,81.75,79,100,16.04
80,Sambava,MG,2021-10-25 20:56:30,-14.2667,50.1667,75.11,80,94,9.22
81,Kaitangata,NZ,2021-10-25 20:56:31,-46.2817,169.8464,54.23,84,100,6.2
82,Bathsheba,BB,2021-10-25 20:56:31,13.2167,-59.5167,84.81,65,20,23.02
83,Qasigiannguit,GL,2021-10-25 20:56:31,68.8193,-51.1922,-1.03,82,2,3.78
84,Chateauroux,FR,2021-10-25 20:56:32,46.8167,1.7,53.6,94,55,9.22
85,Bethel,US,2021-10-25 20:56:32,41.3712,-73.414,70.0,85,91,6.02
86,Itacare,BR,2021-10-25 20:56:33,-14.2775,-38.9967,82.29,89,100,6.64
87,Mpanda,TZ,2021-10-25 20:56:33,-6.3655,31.0409,77.52,56,100,4.38
88,Alghero,IT,2021-10-25 20:56:33,40.5589,8.3181,57.29,88,0,3.44
89,Faanui,PF,2021-10-25 20:56:34,-16.4833,-151.75,78.22,80,96,5.61
90,Hithadhoo,MV,2021-10-25 20:56:34,-0.6,73.0833,82.98,73,98,15.66
91,Sola,VU,2021-10-25 20:56:35,-13.8833,167.55,81.19,76,12,15.86
92,Atuona,PF,2021-10-25 20:56:35,-9.8,-139.0333,77.41,75,15,15.86
93,Hobyo,SO,2021-10-25 20:56:36,5.3505,48.5268,79.92,74,39,11.23
94,Vaini,TO,2021-10-25 20:56:36,-21.2,-175.2,77.16,78,40,8.05
95,Provideniya,RU,2021-10-25 20:52:18,64.3833,-173.3,21.31,58,90,6.71
96,Souillac,MU,2021-10-25 20:56:37,-20.5167,57.5167,73.78,78,40,11.5
97,Isiro,CD,2021-10-25 20:56:37,2.7739,27.616,65.05,99,100,1.59
98,Saskylakh,RU,2021-10-25 20:56:38,71.9167,114.0833,-2.96,97,100,2.62
99,Mataura,NZ,2021-10-25 20:56:38,-46.1927,168.8643,58.59,78,94,2.44
100,Svetlyy,RU,2021-10-25 20:56:38,54.675,20.1347,41.05,65,100,12.17
101,Bluff,NZ,2021-10-25 20:56:39,-46.6,168.3333,53.55,89,68,5.37
102,Katangli,RU,2021-10-25 20:56:39,51.7102,143.2326,35.33,87,2,10.96
103,Codrington,AU,2021-10-25 20:56:40,-38.2667,141.9667,43.38,83,48,7.4
104,Yarmouth,US,2021-10-25 20:56:40,41.7057,-70.2286,68.97,92,100,3.0
105,Palafrugell,ES,2021-10-25 20:56:12,41.9174,3.1631,60.57,55,4,4.0
106,Ciudad Bolivar,VE,2021-10-25 20:56:41,8.1222,-63.5497,79.75,81,66,14.09
107,Ternate,ID,2021-10-25 20:56:41,0.8,127.4,80.58,81,40,4.88
108,Markala,ML,2021-10-25 20:56:41,13.7021,-6.0659,88.36,37,86,6.73
109,Faya,SA,2021-10-25 20:56:42,18.3851,42.4509,62.71,74,1,2.19
110,Genhe,CN,2021-10-25 20:56:42,50.7833,121.5167,30.02,92,100,2.98
111,Fairbanks,US,2021-10-25 20:53:48,64.8378,-147.7164,28.6,92,90,0.0
112,Kirkenes,NO,2021-10-25 20:56:43,69.7271,30.0458,32.22,86,75,4.61
113,Los Alamos,US,2021-10-25 20:53:09,35.8881,-106.307,73.13,24,1,8.01
114,Torbay,CA,2021-10-25 20:56:44,47.6666,-52.7314,41.58,76,90,16.11
115,Launceston,AU,2021-10-25 20:56:44,-41.45,147.1667,49.64,78,90,4.0
116,Barrow,US,2021-10-25 20:56:44,71.2906,-156.7887,26.62,86,90,12.66
117,Cherskiy,RU,2021-10-25 20:56:45,68.75,161.3,-11.79,96,99,1.83
118,Vardo,NO,2021-10-25 20:56:45,70.3705,31.1107,33.78,75,75,12.66
119,Tiksi,RU,2021-10-25 20:56:46,71.6872,128.8694,2.68,96,99,4.97
120,Sao Filipe,CV,2021-10-25 20:52:58,14.8961,-24.4956,79.09,74,30,9.31
121,Puerto Ayora,EC,2021-10-25 20:56:46,-0.7393,-90.3518,73.36,92,52,4.0
122,Coquimbo,CL,2021-10-25 20:56:47,-29.9533,-71.3436,62.33,72,75,13.8
123,Yellowknife,CA,2021-10-25 20:53:28,62.456,-114.3525,41.41,99,90,12.66
124,Longyearbyen,SJ,2021-10-25 20:53:47,78.2186,15.6401,19.24,63,20,18.41
125,Diebougou,BF,2021-10-25 20:56:48,10.9667,-3.25,81.82,51,30,3.02
126,Bubaque,GW,2021-10-25 20:56:48,11.2833,-15.8333,83.1,74,86,6.38
127,Elat,IL,2021-10-25 20:56:48,29.5581,34.9482,75.04,53,0,13.8
128,Cape Town,ZA,2021-10-25 20:55:57,-33.9258,18.4232,64.11,65,0,1.01
129,Lebu,CL,2021-10-25 20:56:49,-37.6167,-73.65,55.87,81,9,14.0
130,Marystown,CA,2021-10-25 20:56:49,47.1666,-55.1483,47.86,100,100,10.38
131,Jeremie,HT,2021-10-25 20:56:50,18.65,-74.1167,82.85,74,58,1.07
132,Bilibino,RU,2021-10-25 20:56:50,68.0546,166.4372,-15.72,94,99,2.62
133,Chibuto,MZ,2021-10-25 20:56:51,-24.6867,33.5306,68.29,95,99,3.31
134,Cidreira,BR,2021-10-25 20:56:51,-30.1811,-50.2056,68.67,72,0,9.55
135,Porto Santo,PT,2021-10-25 20:56:52,33.072,-16.3415,68.38,73,75,13.8
136,Hermanus,ZA,2021-10-25 20:56:39,-34.4187,19.2345,60.8,85,17,14.25
137,San Andres,CO,2021-10-25 20:56:53,12.5847,-81.7006,89.62,70,40,6.91
138,Antalaha,MG,2021-10-25 20:56:53,-14.9003,50.2788,71.47,83,24,5.01
139,Rudbar,AF,2021-10-25 20:56:53,30.15,62.6,65.86,18,0,5.17
140,Iqaluit,CA,2021-10-25 20:56:54,63.7506,-68.5145,33.53,74,90,8.01
141,Bekovo,RU,2021-10-25 20:56:54,52.4663,43.712,28.74,75,68,5.37
142,Alto Araguaia,BR,2021-10-25 20:56:55,-17.3147,-53.2153,77.4,67,98,4.5
143,Chapais,CA,2021-10-25 20:56:55,49.7834,-74.8492,40.78,67,100,5.37
144,Carnarvon,AU,2021-10-25 20:53:01,-24.8667,113.6333,62.67,63,40,12.66
145,Tura,IN,2021-10-25 20:56:56,25.5198,90.2201,66.0,93,0,2.73
146,Zhigansk,RU,2021-10-25 20:53:45,66.7697,123.3711,22.08,96,100,9.93
147,Morehead,US,2021-10-25 20:56:57,37.2711,-87.1764,57.15,76,90,5.01
148,Ribeira Grande,PT,2021-10-25 20:56:57,38.5167,-28.7,68.4,77,40,13.8
149,Port Hardy,CA,2021-10-25 20:56:58,50.6996,-127.4199,55.4,76,75,27.63
150,Douglas,US,2021-10-25 20:56:58,41.3,-96.167,57.15,62,1,3.0
151,Inhambane,MZ,2021-10-25 20:56:59,-23.865,35.3833,71.29,82,17,7.83
152,Talnakh,RU,2021-10-25 20:56:59,69.4865,88.3972,16.97,96,100,7.09
153,Eureka,US,2021-10-25 20:57:00,40.8021,-124.1637,61.25,61,60,8.99
154,Camacha,PT,2021-10-25 20:54:59,33.0833,-16.3333,65.62,73,75,13.8
155,Saint-Georges,GD,2021-10-25 20:57:00,12.0564,-61.7485,83.88,74,40,20.71
156,Coihaique,CL,2021-10-25 20:52:29,-45.5752,-72.0662,48.15,76,90,4.61
157,Norman Wells,CA,2021-10-25 20:57:01,65.282,-126.8329,23.04,93,90,3.44
158,Chicama,PE,2021-10-25 20:57:02,-7.8447,-79.1469,63.14,64,57,9.28
159,East London,ZA,2021-10-25 20:57:03,-33.0153,27.9116,64.83,78,88,15.48
160,Mahebourg,MU,2021-10-25 20:57:03,-20.4081,57.7,73.69,78,40,11.5
161,Sao Joao Da Barra,BR,2021-10-25 20:52:54,-21.6403,-41.0511,71.69,84,100,11.52
162,Marsa Matruh,EG,2021-10-25 20:57:04,31.3525,27.2453,71.8,73,20,5.75
163,Hambantota,LK,2021-10-25 20:57:05,6.1241,81.1185,78.73,85,99,11.3
164,Lorengau,PG,2021-10-25 20:57:05,-2.0226,147.2712,82.06,75,47,4.18
165,Te Anau,NZ,2021-10-25 20:57:05,-45.4167,167.7167,58.35,84,69,1.03
166,Nome,US,2021-10-25 20:53:58,64.5011,-165.4064,26.17,84,55,6.51
167,Kant,IN,2021-10-25 20:57:06,27.8,79.8,69.15,71,0,6.71
168,Flinders,AU,2021-10-25 20:53:50,-34.5833,150.8552,61.81,79,3,1.01
169,Buchanan,LR,2021-10-25 20:57:07,5.8808,-10.0467,78.76,88,100,6.31
170,Carros,FR,2021-10-25 20:57:07,43.7894,7.184,60.51,75,75,5.75
171,Marzuq,YE,2021-10-25 20:57:08,14.4,46.4667,71.15,59,15,2.8
172,Fort Saint James,CA,2021-10-25 20:57:08,54.4333,-124.25,46.33,68,100,5.06
173,Ixtapa,MX,2021-10-25 20:57:09,20.7,-105.2,84.22,74,100,4.0
174,Ostersund,SE,2021-10-25 20:57:10,63.1792,14.6357,39.65,100,90,5.75
175,Charters Towers,AU,2021-10-25 20:57:10,-20.1,146.2667,72.34,79,95,9.8
176,Vila,PT,2021-10-25 20:57:10,42.0304,-8.1588,50.94,89,2,3.13
177,Bayangol,RU,2021-10-25 20:57:11,50.6977,103.4656,26.11,72,64,3.11
178,Japura,ID,2021-10-25 20:57:11,-0.3167,102.35,74.12,96,94,1.79
179,Evanston,US,2021-10-25 20:57:12,42.0411,-87.6901,54.37,73,75,4.0
180,Sayyan,YE,2021-10-25 20:57:12,15.1718,44.3244,55.9,25,2,1.81
181,Bichena,ET,2021-10-25 20:57:13,10.45,38.2,54.32,56,38,4.94
182,Pingliang,CN,2021-10-25 20:57:13,35.5392,106.6861,45.05,76,100,13.51
183,Poum,NC,2021-10-25 20:57:13,-20.2333,164.0167,75.42,69,3,17.25
184,Acapulco,MX,2021-10-25 20:57:14,16.8634,-99.8901,80.71,87,100,6.33
185,Clyde River,CA,2021-10-25 20:57:14,70.4692,-68.5914,23.23,74,90,3.44
186,Uige,AO,2021-10-25 20:57:15,-7.6087,15.0613,66.85,99,100,1.41
187,Pacific Grove,US,2021-10-25 20:57:15,36.6177,-121.9166,64.45,75,75,1.99
188,Labuan,MY,2021-10-25 20:57:16,5.2767,115.2417,77.36,94,20,5.01
189,Atbasar,KZ,2021-10-25 20:57:16,51.8,68.3333,49.41,45,100,13.78
190,Honiara,SB,2021-10-25 20:53:18,-9.4333,159.95,82.04,79,12,4.83
191,Lata,PT,2021-10-25 20:57:17,40.1629,-8.3327,58.82,93,0,2.15
192,Belyy Yar,RU,2021-10-25 20:57:17,53.6039,91.3903,46.29,66,0,6.71
193,General Pico,AR,2021-10-25 20:57:17,-35.6566,-63.7568,91.13,10,0,13.73
194,Kapaa,US,2021-10-25 20:57:18,22.0752,-159.319,77.18,93,90,1.01
195,Esso,RU,2021-10-25 20:57:18,55.9333,158.7,24.76,96,98,4.94
196,Mecca,SA,2021-10-25 20:57:19,21.4267,39.8261,79.88,62,2,1.83
197,Ancud,CL,2021-10-25 20:53:59,-41.8697,-73.8203,56.73,93,100,13.67
198,Eregli,TR,2021-10-25 20:54:14,37.5133,34.0467,45.54,70,96,2.57
199,Novoorsk,RU,2021-10-25 20:57:19,51.381,58.9813,36.25,85,39,10.36
200,Kenora,CA,2021-10-25 20:57:20,49.8167,-94.4337,45.79,57,20,10.36
201,Cravo Norte,CO,2021-10-25 20:57:21,6.3017,-70.2041,84.09,65,99,6.64
202,Bloomfield,US,2021-10-25 20:57:21,40.8068,-74.1854,77.22,74,75,1.01
203,Tautira,PF,2021-10-25 20:57:21,-17.7333,-149.15,80.62,75,91,3.91
204,Christchurch,NZ,2021-10-25 20:56:07,-43.5333,172.6333,59.02,85,90,1.99
205,Bulalacao,PH,2021-10-25 20:57:22,12.3254,121.3435,79.32,80,54,13.29
206,Horn Lake,US,2021-10-25 20:57:23,34.9554,-90.0348,71.94,59,3,13.0
207,Rantauprapat,ID,2021-10-25 20:57:23,2.1,99.8333,72.61,98,95,1.5
208,Ilhabela,BR,2021-10-25 20:57:23,-23.7781,-45.3581,67.91,89,98,9.4
209,Binzhou,CN,2021-10-25 20:57:24,37.3667,118.0167,53.01,66,100,5.5
210,Hamilton,US,2021-10-25 20:57:24,39.1834,-84.5333,56.59,88,100,1.01
211,Dunedin,NZ,2021-10-25 20:57:25,-45.8742,170.5036,56.8,94,100,3.0
212,Tufanganj,IN,2021-10-25 20:57:25,26.3167,89.6667,68.99,90,0,4.61
213,Prince Rupert,CA,2021-10-25 20:57:25,54.3161,-130.3201,51.49,71,100,2.3
214,Port Macquarie,AU,2021-10-25 20:57:26,-31.4333,152.9167,62.56,80,50,8.52
215,Onda,ES,2021-10-25 20:57:26,39.9667,-0.25,62.29,83,100,3.67
216,Svetlaya,RU,2021-10-25 20:57:27,46.5389,138.3297,44.28,61,0,6.06
217,Ambon,ID,2021-10-25 20:57:27,-3.6954,128.1814,77.14,88,20,4.61
218,Ponta Do Sol,PT,2021-10-25 20:57:27,32.6667,-17.1,70.72,71,23,6.96
219,Saldanha,ZA,2021-10-25 20:57:28,-33.0117,17.9442,66.25,77,40,10.49
220,Alofi,NU,2021-10-25 20:53:20,-19.0595,-169.9187,77.14,71,39,15.93
221,Palimbang,PH,2021-10-25 20:57:29,6.2106,124.1894,77.5,85,99,4.88
222,Sobolevo,RU,2021-10-25 20:57:29,54.4299,31.8996,33.76,77,68,10.71
223,Nova Praha,UA,2021-10-25 20:57:29,48.5682,32.9027,32.0,58,4,4.36
224,La Ronge,CA,2021-10-25 20:57:30,55.1001,-105.2842,39.45,75,90,19.57
225,Cayenne,GF,2021-10-25 20:57:30,4.9333,-52.3333,77.04,92,75,1.14
226,Ostrovnoy,RU,2021-10-25 20:53:07,68.0531,39.5131,20.59,95,60,6.93
227,Lisala,CD,2021-10-25 20:57:31,2.15,21.5167,71.02,91,40,1.32
228,Rumoi,JP,2021-10-25 20:57:31,43.9344,141.6428,47.28,87,100,6.44
229,Xai-Xai,MZ,2021-10-25 20:55:08,-25.0519,33.6442,70.75,93,98,7.47
230,Bengkulu,ID,2021-10-25 20:57:32,-3.8004,102.2655,74.55,89,100,2.91
231,Mehamn,NO,2021-10-25 20:57:32,71.0357,27.8492,28.31,87,77,21.7
232,Kochi,IN,2021-10-25 20:57:33,9.9399,76.2602,75.18,91,97,5.21
233,Atar,MR,2021-10-25 20:57:33,20.5169,-13.0499,86.36,20,93,8.93
234,Constitucion,CL,2021-10-25 20:53:51,-35.3333,-72.4167,64.26,63,78,20.07
235,Miranda De Ebro,ES,2021-10-25 20:57:34,42.6865,-2.947,55.53,93,74,1.74
236,Otane,NZ,2021-10-25 20:57:34,-39.8833,176.6333,64.38,67,38,1.97
237,Trelew,AR,2021-10-25 20:57:35,-43.249,-65.3051,69.94,21,100,29.46
238,Aswan,EG,2021-10-25 20:54:14,24.0934,32.907,79.9,29,0,9.22
239,San Miguel,SV,2021-10-25 20:57:36,13.4833,-88.1833,84.61,79,37,3.98
240,Krasnoselkup,RU,2021-10-25 20:57:36,65.7,82.4667,13.6,91,81,8.97
241,Kachiry,KZ,2021-10-25 20:57:36,53.0675,76.1036,48.02,52,100,9.42
242,Touros,BR,2021-10-25 20:57:37,-5.1989,-35.4608,83.3,73,0,17.18
243,Alyangula,AU,2021-10-25 20:57:37,-13.8483,136.4192,73.27,100,90,4.61
244,Deputatskiy,RU,2021-10-25 20:57:38,69.3,139.9,-2.63,99,99,0.94
245,San Antonio,US,2021-10-25 20:55:39,29.4241,-98.4936,92.89,63,0,7.18
246,Sioux Lookout,CA,2021-10-25 20:57:38,50.1001,-91.917,43.18,75,75,5.75
247,Lavrentiya,RU,2021-10-25 20:57:39,65.5833,-171.0,17.47,78,100,10.09
248,Taungdwingyi,MM,2021-10-25 20:57:39,20.0167,95.55,72.37,93,12,2.82
249,Guane,CU,2021-10-25 20:57:39,22.2025,-84.0875,83.46,79,100,6.35
250,San Patricio,US,2021-10-25 20:57:40,28.017,-97.5169,93.29,54,95,11.1
251,Naze,JP,2021-10-25 20:57:40,28.3667,129.4833,66.25,64,0,10.47
252,Buraydah,SA,2021-10-25 20:57:41,26.326,43.975,79.25,33,0,12.88
253,Banjar,ID,2021-10-25 20:57:41,-8.19,114.9675,76.91,91,92,4.74
254,Narasannapeta,IN,2021-10-25 20:57:42,18.4167,84.05,72.59,81,1,5.08
255,Colombo,LK,2021-10-25 20:55:27,6.9319,79.8478,73.35,82,100,6.02
256,Xuchang,CN,2021-10-25 20:57:42,34.0167,113.8167,50.88,71,89,4.63
257,Pirovskoye,RU,2021-10-25 20:57:43,57.6267,92.2658,41.54,71,100,16.33
258,Nadvoitsy,RU,2021-10-25 20:57:43,63.8667,34.3167,33.46,99,100,2.04
259,Airai,TL,2021-10-25 20:57:44,-8.9266,125.4092,59.5,83,63,2.08
260,Altay,CN,2021-10-25 20:57:44,47.8667,88.1167,39.29,39,13,8.12
261,Acari,PE,2021-10-25 20:57:44,-15.4311,-74.6158,72.03,57,34,8.34
262,Ukiah,US,2021-10-25 20:57:45,39.1502,-123.2078,61.56,75,35,5.01
263,Rio Grande,BR,2021-10-25 20:57:45,-32.035,-52.0986,84.31,65,0,10.65
264,Salalah,OM,2021-10-25 20:57:46,17.0151,54.0924,76.24,71,93,2.01
265,Villa Aglipay,PH,2021-10-25 20:57:46,15.4661,120.4527,73.51,84,57,3.24
266,Kilindoni,TZ,2021-10-25 20:57:47,-7.9139,39.6668,79.02,83,75,10.76
267,Freetown,SL,2021-10-25 20:54:24,8.484,-13.2299,82.11,78,40,4.61
268,Hilo,US,2021-10-25 20:54:36,19.7297,-155.09,88.29,89,41,3.0
269,Berdigestyakh,RU,2021-10-25 20:52:59,62.0989,126.6992,32.05,98,100,5.28
270,Pasighat,IN,2021-10-25 20:57:48,28.0667,95.3333,67.05,79,5,3.44
271,Koroni,GR,2021-10-25 20:57:48,36.8,21.95,60.51,68,76,12.26
272,Rawson,AR,2021-10-25 20:57:48,-43.3002,-65.1023,67.42,27,100,25.88
273,Wajir,KE,2021-10-25 20:57:49,1.7471,40.0573,80.1,66,79,8.14
274,Ialibu,PG,2021-10-25 20:57:49,-6.2821,143.9935,54.23,95,100,1.83
275,Peterhead,GB,2021-10-25 20:57:50,57.5058,-1.7981,45.12,72,3,11.43
276,Merauke,ID,2021-10-25 20:57:50,-8.4667,140.3333,78.33,88,95,8.66
277,Narsaq,GL,2021-10-25 20:57:51,60.9167,-46.05,31.26,46,37,10.89
278,Mandalgovi,MN,2021-10-25 20:57:51,45.7625,106.2708,30.18,65,0,8.01
279,Bam,IR,2021-10-25 20:57:51,29.106,58.357,65.17,16,0,4.7
280,Sakakah,SA,2021-10-25 20:57:52,29.9697,40.2064,74.77,25,0,7.07
281,Mar Del Plata,AR,2021-10-25 20:57:52,-38.0023,-57.5575,66.22,43,0,8.99
282,San Jose,US,2021-10-25 20:57:47,37.3394,-121.895,66.38,56,14,1.01
283,Samarai,PG,2021-10-25 20:57:53,-10.6167,150.6667,81.95,78,37,9.06
284,Kostrzyn,PL,2021-10-25 20:57:53,52.3985,17.2281,44.67,76,100,3.0
285,Savonlinna,FI,2021-10-25 20:57:54,61.8699,28.88,42.85,93,90,6.91
286,Maceio,BR,2021-10-25 20:56:55,-9.6658,-35.7353,80.04,83,20,9.22
287,Castro,BR,2021-10-25 20:57:54,-24.7911,-50.0119,64.27,82,75,3.09
288,Rorvik,NO,2021-10-25 20:57:55,64.8621,11.2373,46.51,87,75,6.91
289,Broome,US,2021-10-25 20:57:55,42.2506,-75.833,69.93,63,28,1.99
290,Lazaro Cardenas,MX,2021-10-25 20:57:56,17.9583,-102.2,75.69,95,100,6.98
291,Ahipara,NZ,2021-10-25 20:53:02,-35.1667,173.1667,66.45,65,13,3.38
292,Vilcun,CL,2021-10-25 20:57:56,-38.65,-72.2333,54.34,72,87,3.69
293,Caldas Da Rainha,PT,2021-10-25 20:55:56,39.4033,-9.1384,62.85,82,1,7.0
294,Mocuba,MZ,2021-10-25 20:57:57,-16.8392,36.9856,76.91,86,66,8.25
295,Kitale,KE,2021-10-25 20:57:57,1.0157,35.0062,56.53,80,53,2.33
296,Along,IN,2021-10-25 20:57:58,28.1667,94.7667,61.27,97,22,2.04
297,Alhama De Murcia,ES,2021-10-25 20:57:58,37.851,-1.4251,63.12,82,94,2.33
298,Minna,NG,2021-10-25 20:57:59,9.6139,6.5569,78.15,63,91,3.09
299,Hami,CN,2021-10-25 20:57:59,42.8,93.45,46.72,35,0,6.67
300,Chapleau,CA,2021-10-25 20:58:00,47.8405,-83.4034,33.89,100,90,11.5
301,Ponta Delgada,PT,2021-10-25 20:58:00,37.7333,-25.6667,68.72,73,20,4.61
302,Dikson,RU,2021-10-25 20:58:00,73.5069,80.5464,13.78,82,100,17.2
303,Guerrero Negro,MX,2021-10-25 20:58:01,27.9769,-114.0611,71.76,61,28,14.9
304,Bela,IN,2021-10-25 20:58:02,25.9333,81.9833,71.53,66,0,5.14
305,San Cristobal,VE,2021-10-25 20:58:03,7.7669,-72.225,77.18,83,85,2.86
306,Hofn,IS,2021-10-25 20:58:03,64.2539,-15.2082,39.67,73,100,6.69
307,Ca Mau,VN,2021-10-25 20:53:58,9.1769,105.15,75.87,93,96,3.06
308,Mount Isa,AU,2021-10-25 20:58:04,-20.7333,139.5,73.17,56,75,0.0
309,Avarua,CK,2021-10-25 20:53:04,-21.2078,-159.775,77.05,61,75,16.11
310,Tukrah,LY,2021-10-25 20:58:05,32.5341,20.5791,73.17,73,65,5.97
311,Zaozerne,UA,2021-10-25 20:58:05,45.1582,33.2787,45.95,57,1,10.33
312,Kalianget,ID,2021-10-25 20:58:06,-7.05,113.9333,81.75,76,100,7.72
313,Quatre Cocos,MU,2021-10-25 20:54:29,-20.2078,57.7625,73.51,77,13,18.03
314,Bjorkelangen,NO,2021-10-25 20:58:06,59.8848,11.5694,51.4,91,99,10.31
315,Antofagasta,CL,2021-10-25 20:58:07,-23.65,-70.4,61.88,62,0,4.21
316,Luanda,AO,2021-10-25 20:58:07,-8.8368,13.2343,76.48,75,100,9.51
317,Mayumba,GA,2021-10-25 20:58:08,-3.432,10.6554,76.69,91,100,10.98
318,Laurel,US,2021-10-25 20:58:08,39.0993,-76.8483,77.88,69,75,4.0
319,Tibati,CM,2021-10-25 20:58:09,6.4667,12.6333,69.03,91,100,2.59
320,Bahia Blanca,AR,2021-10-25 20:55:22,-38.7196,-62.2724,73.71,26,54,9.55
321,Esperance,AU,2021-10-25 20:58:09,-33.8667,121.9,51.64,77,61,8.43
322,Sulangan,PH,2021-10-25 20:58:10,11.1373,123.7228,82.51,77,85,14.0
323,Yinchuan,CN,2021-10-25 20:58:10,38.4681,106.2731,48.56,28,95,4.41
324,Liverpool,GB,2021-10-25 20:55:59,53.4106,-2.9779,49.82,85,20,1.99
325,Pangnirtung,CA,2021-10-25 20:58:11,66.1451,-65.7125,24.8,80,75,2.3
326,Brae,GB,2021-10-25 20:54:23,60.3964,-1.353,49.91,76,100,18.5
327,Kidal,ML,2021-10-25 20:58:11,18.4411,1.4078,90.09,12,87,6.67
328,Anaconda,US,2021-10-25 20:58:12,46.1285,-112.9423,45.97,89,100,3.56
329,Itamaraca,BR,2021-10-25 20:58:12,-7.7478,-34.8256,83.08,71,16,13.04
330,Beidao,CN,2021-10-25 20:58:12,34.5686,105.8933,48.34,83,100,7.45
331,Biak,ID,2021-10-25 20:58:13,-0.9131,122.8766,76.15,86,100,0.34
332,Ipixuna,BR,2021-10-25 20:58:13,-1.7625,-48.8043,85.95,84,34,3.76
333,Aripuana,BR,2021-10-25 20:58:14,-9.1667,-60.6333,80.31,80,96,4.07
334,Pulaski,US,2021-10-25 20:58:14,34.7668,-92.3001,78.96,52,0,8.99
335,Batagay-Alyta,RU,2021-10-25 20:53:24,67.8006,130.4114,2.93,90,100,2.82
336,Huarmey,PE,2021-10-25 20:58:15,-10.0681,-78.1522,68.0,72,12,10.42
337,Yantai,CN,2021-10-25 20:58:15,37.5333,121.4,54.05,73,23,8.79
338,Hastings,GB,2021-10-25 20:56:06,50.8552,0.5729,53.8,89,50,11.39
339,Hualmay,PE,2021-10-25 20:58:16,-11.0964,-77.6139,67.23,72,35,9.06
340,Yeppoon,AU,2021-10-25 20:58:16,-23.1333,150.7333,69.58,84,100,8.37
341,Byron Bay,AU,2021-10-25 20:53:32,-28.65,153.6167,71.06,72,97,10.11
342,Brooks,CA,2021-10-25 20:55:11,50.5834,-111.8851,56.98,36,100,16.11
343,Iturbe,PY,2021-10-25 20:58:17,-26.05,-56.4833,75.54,59,0,1.95
344,Irbeyskoye,RU,2021-10-25 20:58:18,55.6428,95.4522,47.66,60,99,17.4
345,Kodiak,US,2021-10-25 20:58:18,57.79,-152.4072,40.59,89,100,9.08
346,Port-Gentil,GA,2021-10-25 20:58:19,-0.7193,8.7815,78.76,94,75,10.36
347,Denpasar,ID,2021-10-25 20:58:19,-8.65,115.2167,76.71,88,40,1.14
348,Mombetsu,JP,2021-10-25 20:58:20,44.3525,143.3525,46.83,71,100,5.12
349,Kongolo,CD,2021-10-25 20:58:20,-5.3833,27.0,71.49,94,47,1.16
350,Havelock,US,2021-10-25 20:58:21,34.8791,-76.9013,73.94,88,100,1.01
351,San Quintin,MX,2021-10-25 20:58:21,30.4833,-115.95,68.2,67,3,15.46
352,Kinsale,IE,2021-10-25 20:58:22,51.7075,-8.5306,49.37,87,75,9.22
353,Plettenberg Bay,ZA,2021-10-25 20:58:22,-34.0527,23.3716,59.05,89,19,5.91
354,Leningradskiy,RU,2021-10-25 20:58:22,69.3833,178.4167,7.97,95,100,15.21
355,Lagos,NG,2021-10-25 20:58:23,6.5833,3.75,80.92,93,100,4.83
356,Alekseyevsk,RU,2021-10-25 20:58:23,57.8406,108.3492,36.27,96,100,14.67
357,Upernavik,GL,2021-10-25 20:58:24,72.7868,-56.1549,15.12,62,8,5.88
358,Iskateley,RU,2021-10-25 20:58:24,67.6803,53.1512,21.02,83,18,10.04
359,Cloquet,US,2021-10-25 20:55:22,46.7216,-92.4594,46.38,88,90,12.66
360,Contai,IN,2021-10-25 20:58:25,21.7786,87.7536,73.33,81,0,5.77
361,Esil,KZ,2021-10-25 20:58:25,51.9556,66.4042,49.64,45,100,15.46
362,Nizhnyaya Poyma,RU,2021-10-25 20:58:26,56.1622,97.1933,45.64,66,90,16.75
363,Tanta,EG,2021-10-25 20:58:26,30.7885,31.0019,64.98,78,0,5.35
364,Andippatti,IN,2021-10-25 20:58:27,9.9833,77.6333,74.59,85,58,0.34
365,Berezovyy,RU,2021-10-25 20:58:27,51.6667,135.7,33.22,82,0,5.32
366,Cartagena,CO,2021-10-25 20:58:08,10.3997,-75.5144,78.42,94,75,5.75
367,Willowmore,ZA,2021-10-25 20:58:28,-33.2926,23.4895,54.81,78,0,10.45
368,Inuvik,CA,2021-10-25 20:58:28,68.3499,-133.7218,25.66,93,90,1.14
369,Kiruna,SE,2021-10-25 20:58:29,67.8557,20.2251,22.12,100,90,0.0
370,Krasnyy,RU,2021-10-25 20:58:29,54.5678,31.4333,34.79,76,73,11.54
371,Saraland,US,2021-10-25 20:54:50,30.8207,-88.0706,85.5,71,52,8.59
372,Clearwater,US,2021-10-25 20:58:30,27.9659,-82.8001,86.05,85,40,15.01
373,Someshwar,IN,2021-10-25 20:58:30,13.5,75.0667,76.37,91,99,2.89
374,Port Blair,IN,2021-10-25 20:58:31,11.6667,92.75,80.33,82,92,6.98
375,Lompoc,US,2021-10-25 20:58:32,34.6391,-120.4579,64.13,85,90,11.5
376,Katsuura,JP,2021-10-25 20:58:32,35.1333,140.3,56.19,93,100,27.89
377,Puerto Quijarro,BO,2021-10-25 20:58:32,-17.7833,-57.7667,89.67,34,74,1.81
378,Stornoway,GB,2021-10-25 20:58:33,58.2093,-6.3865,47.93,87,20,10.36
379,Aasiaat,GL,2021-10-25 20:58:33,68.7098,-52.8699,3.81,93,41,4.79
380,Itarare,BR,2021-10-25 20:58:34,-24.1125,-49.3317,65.66,83,76,5.86
381,Okhotsk,RU,2021-10-25 20:58:34,59.3833,143.3,19.8,82,69,6.58
382,Tahta,EG,2021-10-25 20:58:34,26.7693,31.5021,71.92,46,0,8.19
383,Jerez,GT,2021-10-25 20:58:35,14.1,-89.75,89.46,87,53,3.58
384,Khatanga,RU,2021-10-25 20:58:35,71.9667,102.5,5.9,96,100,8.08
385,Adrar,MR,2021-10-25 20:58:36,20.5022,-10.0711,85.46,18,80,12.62
386,Santa Fe,AR,2021-10-25 20:56:24,-31.6333,-60.7,91.99,16,0,5.99
387,Darnah,LY,2021-10-25 20:58:36,32.767,22.6367,70.23,86,71,23.62
388,Lakes Entrance,AU,2021-10-25 20:58:37,-37.8811,147.981,52.16,70,52,4.36
389,Avera,US,2021-10-25 20:58:37,33.194,-82.5271,81.72,68,79,8.3
390,Yumen,CN,2021-10-25 20:58:38,40.2833,97.2,37.2,54,23,2.08
391,Sisimiut,GL,2021-10-25 20:58:38,66.9395,-53.6735,17.04,71,1,12.39
392,Buique,BR,2021-10-25 20:58:38,-8.6231,-37.1558,79.9,42,40,16.49
393,Asfi,MA,2021-10-25 20:58:39,32.2994,-9.2372,66.85,88,37,10.83
394,Mwanza,TZ,2021-10-25 20:58:39,-2.5167,32.9,75.25,78,75,0.0
395,Sydney,AU,2021-10-25 20:54:35,-33.8679,151.2073,61.59,73,20,1.01
396,Isangel,VU,2021-10-25 20:58:40,-19.55,169.2667,75.31,83,11,4.61
397,Burnie,AU,2021-10-25 20:58:40,-41.0667,145.9167,50.94,75,0,5.93
398,Kahului,US,2021-10-25 20:58:41,20.8947,-156.47,82.98,73,3,11.01
399,Port Hawkesbury,CA,2021-10-25 20:58:41,45.6169,-61.3485,49.8,92,90,5.99
400,Sembakung,ID,2021-10-25 20:58:41,3.8167,117.25,73.53,99,52,0.74
401,Ust-Kuyga,RU,2021-10-25 20:53:45,70.0167,135.6,0.43,98,100,1.43
402,Jardim,BR,2021-10-25 20:58:42,-21.4803,-56.1381,80.67,40,64,3.27
403,Havoysund,NO,2021-10-25 20:58:43,70.9963,24.6622,27.48,86,97,23.2
404,Praia Da Vitoria,PT,2021-10-25 20:58:43,38.7333,-27.0667,68.76,83,20,11.92
405,Pisco,PE,2021-10-25 20:58:43,-13.7,-76.2167,68.05,68,11,17.27
406,Kade,DE,2021-10-25 20:58:44,52.3833,12.2667,45.21,78,99,5.7
407,Honningsvag,NO,2021-10-25 20:58:44,70.9821,25.9704,34.45,75,86,21.68
408,Kavieng,PG,2021-10-25 20:58:45,-2.5744,150.7967,81.99,72,98,3.38
409,Swan Hill,AU,2021-10-25 20:57:54,-35.3378,143.5544,47.32,67,0,5.1
410,Maniitsoq,GL,2021-10-25 20:58:45,65.4167,-52.9,29.97,45,0,9.01
411,Manokwari,ID,2021-10-25 20:58:46,-0.8667,134.0833,78.6,74,92,5.17
412,Cocobeach,GA,2021-10-25 20:58:46,1.0002,9.5823,73.33,93,100,9.35
413,Kamenka,RU,2021-10-25 20:58:46,51.3223,42.7678,28.94,71,24,4.76
414,Ranong,TH,2021-10-25 20:58:47,9.9658,98.6348,77.85,88,90,3.02
415,Betioky,MG,2021-10-25 20:58:47,-23.7167,44.3833,77.99,64,28,6.62
416,Tres Arroyos,AR,2021-10-25 20:58:48,-38.3739,-60.2798,63.43,40,51,14.54
417,Asau,RO,2021-10-25 20:58:48,46.4333,26.4,36.75,70,0,2.28
418,Marawi,PH,2021-10-25 20:58:48,7.9986,124.2928,66.65,91,100,1.77
419,Evensk,RU,2021-10-25 20:58:49,61.95,159.2333,11.77,84,78,7.0
420,Kalmunai,LK,2021-10-25 20:58:49,7.4167,81.8167,78.66,83,97,4.9
421,Boqueirao,BR,2021-10-25 20:58:50,-7.5,-36.1333,83.75,49,2,17.43
422,Trinidad,BO,2021-10-25 20:58:50,-14.8333,-64.9,85.98,45,40,9.22
423,Kruisfontein,ZA,2021-10-25 20:58:51,-34.0033,24.7314,61.88,92,4,4.88
424,Aksarka,RU,2021-10-25 20:58:51,66.5606,67.7975,16.75,89,94,4.59
425,Baruun-Urt,MN,2021-10-25 20:58:51,46.6806,113.2792,31.93,72,41,5.55
426,Podosinovets,RU,2021-10-25 20:58:52,60.2776,47.0659,28.89,90,100,6.31
427,Zhongshu,CN,2021-10-25 20:58:52,24.5167,103.7667,56.01,99,100,2.71
428,Amalapuram,IN,2021-10-25 20:58:53,16.5833,82.0167,75.6,87,100,2.8
429,Redcliffe,AU,2021-10-25 20:58:53,-27.2307,153.0973,73.27,54,0,4.61
430,Allapalli,IN,2021-10-25 20:58:54,19.4167,80.0667,67.35,79,18,1.28
431,Sao Jose Da Coroa Grande,BR,2021-10-25 20:58:54,-8.8978,-35.1478,77.99,79,11,11.56
432,Montepuez,MZ,2021-10-25 20:58:55,-13.1256,38.9997,72.63,84,3,7.72
433,Lafia,NG,2021-10-25 20:58:55,8.4833,8.5167,80.2,72,62,3.94
434,Guasdualito,VE,2021-10-25 20:58:55,7.2424,-70.7324,81.7,77,90,3.89
435,Port Lincoln,AU,2021-10-25 20:58:56,-34.7333,135.8667,59.67,64,99,14.74
436,Xingyi,CN,2021-10-25 20:58:56,24.1877,102.817,56.3,98,99,3.27
437,Huancayo,PE,2021-10-25 20:58:57,-12.0667,-75.2333,62.89,53,90,6.31
438,Pasni,PK,2021-10-25 20:58:57,25.2631,63.471,76.78,60,0,1.36
439,Nipawin,CA,2021-10-25 20:58:57,53.3668,-104.0009,42.84,70,1,19.57
440,Vila Franca Do Campo,PT,2021-10-25 20:58:58,37.7167,-25.4333,68.41,76,38,4.54
441,Vanimo,PG,2021-10-25 20:58:58,-2.6741,141.3028,77.4,87,54,4.29
442,Biltine,TD,2021-10-25 20:58:59,14.5333,20.9167,85.46,19,9,8.48
443,Shebalino,RU,2021-10-25 20:58:59,51.2917,85.6772,39.06,72,27,5.06
444,Beringovskiy,RU,2021-10-25 20:59:00,63.05,179.3167,12.54,75,100,5.84
445,Ust-Nera,RU,2021-10-25 20:59:00,64.5667,143.2,5.16,99,97,2.66
446,Leh,IN,2021-10-25 20:59:00,34.1667,77.5833,27.59,69,31,0.56
447,Karratha,AU,2021-10-25 20:59:01,-20.7377,116.8463,74.32,43,2,10.98
448,Sur,OM,2021-10-25 20:54:28,22.5667,59.5289,80.87,65,0,7.34
449,Lamlash,GB,2021-10-25 20:59:02,55.5336,-5.1296,51.76,81,89,15.59
450,Boa Vista,BR,2021-10-25 20:55:10,2.8197,-60.6733,89.58,55,40,3.44
451,Juneau,US,2021-10-25 20:58:49,58.3019,-134.4197,43.84,91,100,3.49
452,Taltal,CL,2021-10-25 20:59:03,-25.4,-70.4833,63.43,68,23,3.36
453,Tikapur,NP,2021-10-25 20:59:03,28.5,81.1333,64.22,79,0,3.2
454,Birr,IE,2021-10-25 20:59:04,53.0914,-7.9133,48.58,86,97,7.65
455,Kanniyakumari,IN,2021-10-25 20:59:04,8.0833,77.5667,78.73,85,100,6.53
456,Jumla,NP,2021-10-25 20:59:05,29.2747,82.1838,43.48,85,4,3.83
457,Riyadh,SA,2021-10-25 20:59:05,24.6877,46.7219,78.94,38,0,8.99
458,Paka,MY,2021-10-25 20:59:06,4.6374,103.4368,76.98,94,39,0.0
459,Tekirdag,TR,2021-10-25 20:55:15,40.978,27.5085,51.15,59,92,17.27
460,Tchibanga,GA,2021-10-25 20:59:06,-2.85,11.0333,72.34,96,100,2.53
461,Amga,RU,2021-10-25 20:59:07,60.8953,131.9608,30.18,99,100,2.08
462,Ust-Ilimsk,RU,2021-10-25 20:59:07,58.0006,102.6619,44.42,78,100,18.86
463,Bangui,CF,2021-10-25 20:59:08,4.3612,18.555,80.78,89,61,0.0
464,Baracoa,CU,2021-10-25 20:59:08,20.3467,-74.4958,83.23,76,51,5.23
465,Wewak,PG,2021-10-25 20:59:08,-3.5534,143.6268,79.14,83,58,1.95
466,Rigaud,CA,2021-10-25 20:59:09,45.4793,-74.3024,46.65,77,100,15.77
467,Graham,US,2021-10-25 20:59:09,47.0529,-122.2943,58.8,66,75,4.0
468,Torgelow,DE,2021-10-25 20:59:10,53.6333,14.0167,47.5,76,98,7.14
469,Santa Vitoria Do Palmar,BR,2021-10-25 20:59:10,-33.5189,-53.3681,74.5,57,0,11.14
470,Arlit,NE,2021-10-25 20:57:33,18.7369,7.3853,85.96,12,0,3.49
471,Noumea,NC,2021-10-25 20:55:26,-22.2763,166.4572,75.0,99,3,7.92
472,Biloxi,US,2021-10-25 20:59:11,30.396,-88.8853,85.98,69,61,7.0
473,Chifeng,CN,2021-10-25 20:59:11,42.2683,118.9636,44.73,44,7,6.73
474,Vostok,RU,2021-10-25 20:59:12,46.4856,135.8833,31.84,78,2,5.03
475,Moroto,UG,2021-10-25 20:59:12,2.5345,34.6666,71.83,59,74,8.39
476,Concepcion Del Oro,MX,2021-10-25 20:59:13,24.6333,-101.4167,74.43,25,100,6.13
477,Kloulklubed,PW,2021-10-25 20:59:13,7.0419,134.2556,83.98,60,8,7.81
478,Sitka,US,2021-10-25 20:59:14,57.0531,-135.33,47.52,73,100,2.64
479,Grindavik,IS,2021-10-25 20:59:14,63.8424,-22.4338,37.9,87,75,5.75
480,Vera Cruz,BR,2021-10-25 20:59:14,-12.6333,-41.0333,76.35,76,98,3.67
481,Coahuayana,MX,2021-10-25 20:59:15,18.7333,-103.6833,85.41,63,100,3.18
482,Nokaneng,BW,2021-10-25 20:59:15,-19.6667,22.2667,77.05,50,85,8.86
483,Jeannette,US,2021-10-25 20:59:16,40.3281,-79.6153,64.42,79,75,1.01
484,Khakhea,BW,2021-10-25 20:59:16,-24.6895,23.494,70.05,63,0,17.85
485,Ulety,RU,2021-10-25 20:59:17,51.3572,112.4849,29.77,90,7,6.82
486,Black River,JM,2021-10-25 20:59:17,18.0264,-77.8487,86.99,72,74,12.41
487,College,US,2021-10-25 20:59:18,64.8569,-147.8028,28.29,93,94,0.76
488,Laconia,US,2021-10-25 20:59:18,43.5279,-71.4704,45.37,95,100,7.02
489,Bima,ID,2021-10-25 20:59:18,-8.4667,118.7167,76.55,92,100,3.98
490,General Roca,AR,2021-10-25 20:59:19,-39.0333,-67.5833,79.2,25,100,32.7
491,Tazovskiy,RU,2021-10-25 20:59:19,67.4667,78.7,15.78,91,37,9.66
492,Isla Vista,US,2021-10-25 20:59:20,34.4133,-119.861,62.02,82,100,1.99
493,Chernyshevskiy,RU,2021-10-25 20:59:20,63.0128,112.4714,28.49,97,100,7.52
494,Zhuanghe,CN,2021-10-25 20:59:21,39.7008,122.9911,55.36,81,92,7.4
495,Nata,PA,2021-10-25 20:59:21,8.3333,-80.5167,88.47,72,82,1.21
496,Lucapa,AO,2021-10-25 20:59:22,-8.4192,20.7447,66.02,88,94,0.92
497,Danville,US,2021-10-25 20:58:26,36.586,-79.395,76.42,70,42,4.0
498,Berestechko,UA,2021-10-25 20:59:22,50.3605,25.1107,39.0,58,10,8.5
499,Lincoln,US,2021-10-25 20:59:23,40.8,-96.667,57.29,64,20,4.0
500,Balabac,PH,2021-10-25 20:59:23,7.9868,117.0645,80.82,78,91,7.43
501,Harper,LR,2021-10-25 20:59:23,4.375,-7.7169,78.21,80,100,8.61
502,Ulaangom,MN,2021-10-25 20:59:24,49.9811,92.0667,31.01,76,14,2.01
503,Mercedes,AR,2021-10-25 20:59:24,-34.6515,-59.4307,87.03,28,30,6.96
504,Svetlogorsk,BY,2021-10-25 20:59:25,52.6333,29.7333,35.33,65,82,8.79
505,Meulaboh,ID,2021-10-25 20:59:25,4.1363,96.1285,74.7,91,96,4.21
506,Puerto Escondido,MX,2021-10-25 20:59:26,15.85,-97.0667,85.21,72,87,7.56
507,West Plains,US,2021-10-25 20:59:26,36.7281,-91.8524,65.55,61,0,7.0
508,Arrifes,PT,2021-10-25 20:59:27,37.7667,-25.7,66.45,73,20,4.61
509,Port Hedland,AU,2021-10-25 20:59:27,-20.3167,118.5667,73.45,88,0,8.05
510,Nuuk,GL,2021-10-25 20:59:28,64.1835,-51.7216,23.88,49,0,15.01
511,Sann,PK,2021-10-25 20:59:28,26.0418,68.1378,67.91,34,0,4.41
512,Mackay,AU,2021-10-25 20:56:49,-21.15,149.2,75.18,88,40,8.05
513,Abilene,US,2021-10-25 20:58:32,32.4487,-99.7331,95.49,27,0,1.99
514,Bardiyah,LY,2021-10-25 20:59:29,31.7561,25.0865,70.5,74,77,13.47
515,Zholymbet,KZ,2021-10-25 20:59:29,51.7433,71.7122,47.1,54,100,13.6
516,Arosa,CH,2021-10-25 20:59:30,46.7779,9.6762,32.85,64,24,1.14
517,Saint-Francois,FR,2021-10-25 20:59:30,46.4154,3.9054,52.48,98,75,2.3
518,Waingapu,ID,2021-10-25 20:59:31,-9.6567,120.2641,79.09,82,72,3.11
519,Storslett,NO,2021-10-25 20:59:31,69.7678,21.0247,25.2,85,100,10.76
520,Montrose,US,2021-10-25 20:59:31,38.4166,-108.2673,65.61,24,44,28.97
521,Wamba,NG,2021-10-25 20:59:32,8.9333,8.6,77.41,77,32,3.18
522,Nyurba,RU,2021-10-25 20:59:32,63.2842,118.3319,31.48,83,96,7.31
523,Moroni,KM,2021-10-25 20:59:33,-11.7022,43.2551,78.64,84,13,2.75
524,Pirajui,BR,2021-10-25 20:59:33,-21.9986,-49.4572,85.51,64,100,3.18
525,Luderitz,NA,2021-10-25 20:59:34,-26.6481,15.1594,57.58,87,5,3.85
526,Pevek,RU,2021-10-25 20:59:34,69.7008,170.3133,-1.08,96,100,4.03
527,Zhigalovo,RU,2021-10-25 20:59:34,54.8097,105.1578,36.54,81,100,4.65
528,Bara,NG,2021-10-25 20:59:35,10.3744,10.7288,82.98,44,91,6.29
529,Aklavik,CA,2021-10-25 20:59:35,68.2191,-135.0107,25.63,94,100,0.54
530,Zhangye,CN,2021-10-25 20:59:36,38.9342,100.4517,41.54,66,96,5.93
531,Sampit,ID,2021-10-25 20:59:36,-2.5333,112.95,73.63,98,98,1.03
532,Fortuna,US,2021-10-25 20:59:37,40.5982,-124.1573,60.98,69,75,1.01
533,Awbari,LY,2021-10-25 20:59:37,26.5921,12.7805,73.33,28,0,7.29
534,Gualaceo,EC,2021-10-25 20:59:37,-2.9,-78.7833,60.46,81,89,4.72
535,Darhan,MN,2021-10-25 20:59:38,49.4867,105.9228,33.48,77,9,8.23
536,Raudeberg,NO,2021-10-25 20:59:39,61.9875,5.1352,49.19,88,100,8.01
537,Tatawin,TN,2021-10-25 20:59:39,32.9297,10.4518,72.48,58,55,9.35
538,Bambanglipuro,ID,2021-10-25 20:59:39,-7.95,110.2833,78.28,77,94,3.94
539,Nelson Bay,AU,2021-10-25 20:59:40,-32.7167,152.15,65.1,76,97,1.01
540,Correntina,BR,2021-10-25 20:59:40,-13.3433,-44.6367,76.77,73,98,0.74
541,Waitati,NZ,2021-10-25 20:59:41,-45.75,170.5667,56.8,94,100,5.12
542,Cajuru,BR,2021-10-25 20:59:41,-21.2753,-47.3042,86.97,78,94,2.98
543,Jinchang,CN,2021-10-25 20:59:41,38.4953,102.1739,42.73,65,96,5.28
544,Diamantino,BR,2021-10-25 20:59:42,-14.4086,-56.4461,78.75,70,100,1.9
545,Khandyga,RU,2021-10-25 20:59:42,62.6667,135.6,21.51,98,99,2.26
546,Abnub,EG,2021-10-25 20:59:43,27.2696,31.1511,68.22,47,0,7.43
547,Banda Aceh,ID,2021-10-25 20:59:43,5.5577,95.3222,78.24,83,100,5.32
548,Ayabaca,PE,2021-10-25 20:59:43,-4.6398,-79.7149,56.73,72,99,3.53
549,Lewisporte,CA,2021-10-25 20:59:44,49.2499,-55.0482,40.14,72,77,6.4
550,Necochea,AR,2021-10-25 20:59:44,-38.5473,-58.7368,63.03,57,16,7.47
551,Kieta,PG,2021-10-25 20:59:45,-6.2167,155.6333,81.07,78,22,1.7
552,Tilichiki,RU,2021-10-25 20:59:45,60.4667,166.1,26.53,93,100,7.2
553,Numazu,JP,2021-10-25 20:59:46,35.1,138.8667,60.84,87,98,11.79
554,Shieli,KZ,2021-10-25 20:59:46,44.1667,66.75,49.73,37,5,9.17
555,Lao Cai,VN,2021-10-25 20:59:46,22.4833,103.95,65.35,96,50,0.63
556,Turayf,SA,2021-10-25 20:59:47,31.6725,38.6637,62.85,34,0,4.61
557,Ribeira Brava,PT,2021-10-25 20:59:47,32.65,-17.0667,70.72,74,22,7.29
558,Ottawa,CA,2021-10-25 20:58:40,45.4112,-75.6981,46.76,73,90,4.0
559,Fort Nelson,CA,2021-10-25 20:59:48,58.8053,-122.7002,29.79,100,90,2.3
560,Suntar,RU,2021-10-25 20:59:48,62.1444,117.6319,34.07,72,95,6.85
561,Kayerkan,RU,2021-10-25 20:59:49,69.3497,87.7602,15.4,94,100,12.93
562,Corinto,GR,2021-10-25 20:59:49,37.9407,22.9573,59.68,79,100,8.3
563,Rocky Mountain House,CA,2021-10-25 20:59:50,52.3668,-114.9188,56.95,53,47,9.22
564,Nivala,FI,2021-10-25 20:59:50,63.9167,24.9667,40.17,96,100,7.16
565,Kodinsk,RU,2021-10-25 20:59:50,58.6881,99.1844,42.85,73,82,18.68
566,Lethem,GY,2021-10-25 20:59:51,3.3803,-59.7968,83.25,75,100,8.97
567,Myanaung,MM,2021-10-25 20:59:51,18.2833,95.3167,73.35,93,34,2.91
568,Mareeba,AU,2021-10-25 20:54:53,-17.0,145.4333,68.72,96,60,2.62
569,Tacuarembo,UY,2021-10-25 20:59:52,-31.7333,-55.9833,75.15,63,0,7.14
570,Lufilufi,WS,2021-10-25 20:59:52,-13.8745,-171.5986,85.78,78,99,13.94
571,Aykhal,RU,2021-10-25 20:59:53,66.0,111.5,15.58,96,99,12.17
572,Teguise,ES,2021-10-25 20:52:58,29.0605,-13.564,68.22,78,20,14.97
